Review,Rating
Realme phone: Speaker issue noticed after one week.,2
Vivo phone: Battery drains quickly and does not last long.,2
OnePlus phone: Phone arrived early and was well packed.,5
Realme phone: The sound quality is poor and disappointing.,2
Realme phone: Speaker issue noticed after one week.,2
Motorola phone: Packaging was damaged when it arrived.,2
Samsung phone: Battery drains quickly and does not last long.,2
OnePlus phone: Excellent packaging and fast delivery.,5
Samsung phone: Phone arrived early and was well packed.,5
OnePlus phone: Great camera quality and quick delivery.,5
Motorola phone: Very good display quality and smooth performance.,5
Nothing phone: Phone arrived early and was well packed.,5
Vivo phone: Packaging was damaged when it arrived.,2
Samsung phone: Overheating issue after continuous use.,2
Xiaomi phone: Overheating issue after continuous use.,2
Motorola phone: Very good display quality and smooth performance.,5
Vivo phone: Battery backup is excellent.,5
OnePlus phone: The sound quality is poor and disappointing.,2
Oppo phone: Overheating issue after continuous use.,2
Realme phone: Excellent packaging and fast delivery.,5
Realme phone: Charging is very slow.,2
Oppo phone: Battery backup is excellent.,5
Vivo phone: Packaging was damaged when it arrived.,2
Samsung phone: Overheating issue after continuous use.,2
Nothing phone: Very good display quality and smooth performance.,5
Realme phone: Great camera quality and quick delivery.,5
Motorola phone: Battery problem and charging issue together.,1
Vivo phone: Excellent packaging and fast delivery.,5
Oppo phone: Fast delivery and excellent packaging.,5
OnePlus phone: Packaging was damaged when it arrived.,2
Realme phone: Very good display quality and smooth performance.,5
OnePlus phone: Battery drains quickly and does not last long.,2
Vivo phone: Overheating issue after continuous use.,2
OnePlus phone: Excellent packaging and fast delivery.,5
Realme phone: Fast delivery and excellent packaging.,5
Vivo phone: Charging is very slow.,2
Oppo phone: The phone gets hot during gaming.,2
Oppo phone: The sound quality is poor and disappointing.,2
OnePlus phone: Battery backup is excellent.,5
Vivo phone: Speaker issue noticed after one week.,2
Realme phone: Very good display quality and smooth performance.,5
Xiaomi phone: Packaging was damaged when it arrived.,2
OnePlus phone: Great camera quality and quick delivery.,5
Nothing phone: The sound quality is poor and disappointing.,2
Vivo phone: Charging is very slow.,2
OnePlus phone: Battery problem and charging issue together.,1
Oppo phone: Speaker issue noticed after one week.,2
Samsung phone: Fast delivery and excellent packaging.,5
Samsung phone: Phone arrived early and was well packed.,5
Oppo phone: Overheating issue after continuous use.,2
Vivo phone: Charging is very slow.,2
OnePlus phone: Excellent packaging and fast delivery.,5
Oppo phone: Battery problem and charging issue together.,1
Nothing phone: Phone arrived early and was well packed.,5
Nothing phone: Charging is very slow.,2
Vivo phone: The sound quality is poor and disappointing.,2
OnePlus phone: The sound quality is poor and disappointing.,2
Vivo phone: Very good display quality and smooth performance.,5
Motorola phone: Very good display quality and smooth performance.,5
Motorola phone: Battery problem and charging issue together.,1
OnePlus phone: Battery backup is excellent.,5
Nothing phone: The sound quality is poor and disappointing.,2
Samsung phone: Excellent packaging and fast delivery.,5
Realme phone: Fast delivery and excellent packaging.,5
Xiaomi phone: The sound quality is poor and disappointing.,2
Motorola phone: Overheating issue after continuous use.,2
Realme phone: Packaging was damaged when it arrived.,2
Motorola phone: Charging is very slow.,2
Nothing phone: Packaging was damaged when it arrived.,2
Vivo phone: Great camera quality and quick delivery.,5
Samsung phone: Great camera quality and quick delivery.,5
Realme phone: Speaker issue noticed after one week.,2
Vivo phone: Speaker issue noticed after one week.,2
Oppo phone: Overheating issue after continuous use.,2
Vivo phone: Excellent packaging and fast delivery.,5
Xiaomi phone: Charging is very slow.,2
Samsung phone: The phone gets hot during gaming.,2
Vivo phone: Very good display quality and smooth performance.,5
Xiaomi phone: Great camera quality and quick delivery.,5
Realme phone: Great camera quality and quick delivery.,5
Vivo phone: Fast delivery and excellent packaging.,5
OnePlus phone: Fast delivery and excellent packaging.,5
Oppo phone: The sound quality is poor and disappointing.,2
Xiaomi phone: Overheating issue after continuous use.,2
Samsung phone: Great camera quality and quick delivery.,5
Oppo phone: Packaging was damaged when it arrived.,2
Samsung phone: The phone gets hot during gaming.,2
Oppo phone: Excellent packaging and fast delivery.,5
Vivo phone: Battery problem and charging issue together.,1
Samsung phone: Phone arrived early and was well packed.,5
Realme phone: Phone arrived early and was well packed.,5
Nothing phone: Excellent packaging and fast delivery.,5
Realme phone: Fast delivery and excellent packaging.,5
Xiaomi phone: Overheating issue after continuous use.,2
Nothing phone: The sound quality is poor and disappointing.,2
Xiaomi phone: Great camera quality and quick delivery.,5
Motorola phone: Delivery was delayed and took too long.,1
OnePlus phone: Phone arrived early and was well packed.,5
Vivo phone: Very good display quality and smooth performance.,5
Oppo phone: Charging is very slow.,2
Nothing phone: The phone gets hot during gaming.,2
OnePlus phone: Excellent packaging and fast delivery.,5
Realme phone: Phone arrived early and was well packed.,5
Samsung phone: Battery backup is excellent.,5
OnePlus phone: Packaging was damaged when it arrived.,2
OnePlus phone: Packaging was damaged when it arrived.,2
Realme phone: Battery drains quickly and does not last long.,2
Samsung phone: Very good display quality and smooth performance.,5
Realme phone: Phone arrived early and was well packed.,5
Samsung phone: Battery problem and charging issue together.,1
Oppo phone: Fast delivery and excellent packaging.,5
OnePlus phone: Excellent packaging and fast delivery.,5
Nothing phone: Delivery was delayed and took too long.,1
Xiaomi phone: Phone arrived early and was well packed.,5
Nothing phone: Very good display quality and smooth performance.,5
Nothing phone: Phone arrived early and was well packed.,5
Motorola phone: Overheating issue after continuous use.,2
Realme phone: Phone arrived early and was well packed.,5
Motorola phone: Excellent packaging and fast delivery.,5
Motorola phone: Battery backup is excellent.,5
Nothing phone: Charging is very slow.,2
Samsung phone: Fast delivery and excellent packaging.,5
Realme phone: Speaker issue noticed after one week.,2
Motorola phone: Battery drains quickly and does not last long.,2
Oppo phone: Very good display quality and smooth performance.,5
Realme phone: Overheating issue after continuous use.,2
OnePlus phone: Phone arrived early and was well packed.,5
Nothing phone: Phone arrived early and was well packed.,5
Motorola phone: The sound quality is poor and disappointing.,2
Vivo phone: The sound quality is poor and disappointing.,2
OnePlus phone: The phone gets hot during gaming.,2
Realme phone: Fast delivery and excellent packaging.,5
Realme phone: The phone gets hot during gaming.,2
Samsung phone: Battery drains quickly and does not last long.,2
OnePlus phone: Excellent packaging and fast delivery.,5
Motorola phone: The sound quality is poor and disappointing.,2
Nothing phone: The phone gets hot during gaming.,2
Motorola phone: Phone arrived early and was well packed.,5
Samsung phone: Battery problem and charging issue together.,1
Motorola phone: The sound quality is poor and disappointing.,2
Motorola phone: Battery drains quickly and does not last long.,2
Nothing phone: Delivery was delayed and took too long.,1
Motorola phone: Delivery was delayed and took too long.,1
Nothing phone: Very good display quality and smooth performance.,5
OnePlus phone: The sound quality is poor and disappointing.,2
OnePlus phone: Delivery was delayed and took too long.,1
Samsung phone: Battery drains quickly and does not last long.,2
Oppo phone: Very good display quality and smooth performance.,5
Samsung phone: Battery drains quickly and does not last long.,2
Nothing phone: Packaging was damaged when it arrived.,2
Xiaomi phone: Great camera quality and quick delivery.,5
Realme phone: Battery drains quickly and does not last long.,2
Xiaomi phone: Fast delivery and excellent packaging.,5
Realme phone: Excellent packaging and fast delivery.,5
OnePlus phone: Speaker issue noticed after one week.,2
Realme phone: Charging is very slow.,2
OnePlus phone: Battery problem and charging issue together.,1
Samsung phone: Packaging was damaged when it arrived.,2
Realme phone: Packaging was damaged when it arrived.,2
Oppo phone: Charging is very slow.,2
Vivo phone: Battery problem and charging issue together.,1
Oppo phone: Phone arrived early and was well packed.,5
Vivo phone: Phone arrived early and was well packed.,5
Xiaomi phone: Charging is very slow.,2
Vivo phone: Speaker issue noticed after one week.,2
Oppo phone: The phone gets hot during gaming.,2
Realme phone: Battery problem and charging issue together.,1
Nothing phone: Battery drains quickly and does not last long.,2
Realme phone: Packaging was damaged when it arrived.,2
OnePlus phone: Excellent packaging and fast delivery.,5
Vivo phone: Great camera quality and quick delivery.,5
Oppo phone: The sound quality is poor and disappointing.,2
Realme phone: Battery problem and charging issue together.,1
OnePlus phone: Battery problem and charging issue together.,1
Vivo phone: Battery backup is excellent.,5
Nothing phone: The sound quality is poor and disappointing.,2
Vivo phone: Fast delivery and excellent packaging.,5
Samsung phone: Packaging was damaged when it arrived.,2
Vivo phone: Speaker issue noticed after one week.,2
Realme phone: Battery problem and charging issue together.,1
Xiaomi phone: Battery problem and charging issue together.,1
Realme phone: Delivery was delayed and took too long.,1
Realme phone: Battery problem and charging issue together.,1
Xiaomi phone: Very good display quality and smooth performance.,5
Vivo phone: Delivery was delayed and took too long.,1
OnePlus phone: Packaging was damaged when it arrived.,2
Oppo phone: Very good display quality and smooth performance.,5
Vivo phone: Phone arrived early and was well packed.,5
Nothing phone: Great camera quality and quick delivery.,5
Samsung phone: Delivery was delayed and took too long.,1
Motorola phone: Excellent packaging and fast delivery.,5
Vivo phone: Fast delivery and excellent packaging.,5
Samsung phone: Battery drains quickly and does not last long.,2
Xiaomi phone: Battery backup is excellent.,5
Vivo phone: Speaker issue noticed after one week.,2
Nothing phone: The sound quality is poor and disappointing.,2
Motorola phone: Great camera quality and quick delivery.,5
Samsung phone: Great camera quality and quick delivery.,5
Realme phone: Excellent packaging and fast delivery.,5
Xiaomi phone: Battery problem and charging issue together.,1
Samsung phone: Great camera quality and quick delivery.,5
Oppo phone: Fast delivery and excellent packaging.,5
Xiaomi phone: Packaging was damaged when it arrived.,2
Xiaomi phone: Charging is very slow.,2
Vivo phone: Battery drains quickly and does not last long.,2
Samsung phone: Battery backup is excellent.,5
Oppo phone: Battery problem and charging issue together.,1
OnePlus phone: Phone arrived early and was well packed.,5
Realme phone: Speaker issue noticed after one week.,2
Motorola phone: Battery backup is excellent.,5
Xiaomi phone: Packaging was damaged when it arrived.,2
OnePlus phone: Battery problem and charging issue together.,1
Xiaomi phone: Fast delivery and excellent packaging.,5
Xiaomi phone: Overheating issue after continuous use.,2
Motorola phone: Battery problem and charging issue together.,1
Xiaomi phone: Battery drains quickly and does not last long.,2
Oppo phone: Very good display quality and smooth performance.,5
Motorola phone: Overheating issue after continuous use.,2
OnePlus phone: Overheating issue after continuous use.,2
Xiaomi phone: Delivery was delayed and took too long.,1
Realme phone: Overheating issue after continuous use.,2
Samsung phone: Charging is very slow.,2
Nothing phone: Fast delivery and excellent packaging.,5
OnePlus phone: Phone arrived early and was well packed.,5
Nothing phone: Fast delivery and excellent packaging.,5
Vivo phone: Battery backup is excellent.,5
OnePlus phone: Fast delivery and excellent packaging.,5
Samsung phone: Phone arrived early and was well packed.,5
OnePlus phone: Speaker issue noticed after one week.,2
Oppo phone: Charging is very slow.,2
Realme phone: Delivery was delayed and took too long.,1
Vivo phone: Overheating issue after continuous use.,2
Motorola phone: Battery backup is excellent.,5
Oppo phone: Speaker issue noticed after one week.,2
Realme phone: Battery drains quickly and does not last long.,2
Vivo phone: Battery problem and charging issue together.,1
Vivo phone: The sound quality is poor and disappointing.,2
Realme phone: Battery drains quickly and does not last long.,2
Motorola phone: Packaging was damaged when it arrived.,2
Oppo phone: Battery backup is excellent.,5
Realme phone: Charging is very slow.,2
OnePlus phone: Charging is very slow.,2
Samsung phone: Delivery was delayed and took too long.,1
Motorola phone: Very good display quality and smooth performance.,5
OnePlus phone: Battery drains quickly and does not last long.,2
Motorola phone: Battery backup is excellent.,5
Oppo phone: Excellent packaging and fast delivery.,5
Oppo phone: Packaging was damaged when it arrived.,2
Realme phone: Speaker issue noticed after one week.,2
Vivo phone: Very good display quality and smooth performance.,5
Vivo phone: Great camera quality and quick delivery.,5
Motorola phone: Speaker issue noticed after one week.,2
Motorola phone: Battery backup is excellent.,5
Vivo phone: Very good display quality and smooth performance.,5
Xiaomi phone: Great camera quality and quick delivery.,5
Motorola phone: Phone arrived early and was well packed.,5
Motorola phone: Speaker issue noticed after one week.,2
Xiaomi phone: Speaker issue noticed after one week.,2
Vivo phone: Packaging was damaged when it arrived.,2
Samsung phone: Charging is very slow.,2
Vivo phone: Delivery was delayed and took too long.,1
Motorola phone: Phone arrived early and was well packed.,5
Oppo phone: Overheating issue after continuous use.,2
Nothing phone: The phone gets hot during gaming.,2
OnePlus phone: The phone gets hot during gaming.,2
Nothing phone: Great camera quality and quick delivery.,5
Xiaomi phone: Overheating issue after continuous use.,2
Realme phone: Speaker issue noticed after one week.,2
Oppo phone: Delivery was delayed and took too long.,1
OnePlus phone: Excellent packaging and fast delivery.,5
Vivo phone: Speaker issue noticed after one week.,2
OnePlus phone: Phone arrived early and was well packed.,5
Samsung phone: The sound quality is poor and disappointing.,2
OnePlus phone: Battery drains quickly and does not last long.,2
Realme phone: The phone gets hot during gaming.,2
Motorola phone: The phone gets hot during gaming.,2
OnePlus phone: Battery problem and charging issue together.,1
Motorola phone: Very good display quality and smooth performance.,5
Motorola phone: The phone gets hot during gaming.,2
Xiaomi phone: Phone arrived early and was well packed.,5
Samsung phone: Speaker issue noticed after one week.,2
Realme phone: Battery problem and charging issue together.,1
Motorola phone: Overheating issue after continuous use.,2
Xiaomi phone: Phone arrived early and was well packed.,5
Nothing phone: Overheating issue after continuous use.,2
OnePlus phone: Battery drains quickly and does not last long.,2
Realme phone: Battery problem and charging issue together.,1
Xiaomi phone: The phone gets hot during gaming.,2
Nothing phone: Overheating issue after continuous use.,2
Oppo phone: Speaker issue noticed after one week.,2
Nothing phone: Overheating issue after continuous use.,2
Motorola phone: Packaging was damaged when it arrived.,2
Nothing phone: Fast delivery and excellent packaging.,5
Xiaomi phone: Battery problem and charging issue together.,1
Nothing phone: Very good display quality and smooth performance.,5
Vivo phone: The phone gets hot during gaming.,2
OnePlus phone: Overheating issue after continuous use.,2
Vivo phone: Fast delivery and excellent packaging.,5
Nothing phone: Overheating issue after continuous use.,2
OnePlus phone: Speaker issue noticed after one week.,2
Nothing phone: Delivery was delayed and took too long.,1
Vivo phone: Excellent packaging and fast delivery.,5
Vivo phone: Phone arrived early and was well packed.,5
Oppo phone: Battery backup is excellent.,5
Realme phone: Battery problem and charging issue together.,1
Xiaomi phone: The sound quality is poor and disappointing.,2
Motorola phone: Phone arrived early and was well packed.,5
Xiaomi phone: Very good display quality and smooth performance.,5
OnePlus phone: Very good display quality and smooth performance.,5
Motorola phone: Excellent packaging and fast delivery.,5
Oppo phone: Charging is very slow.,2
Nothing phone: Great camera quality and quick delivery.,5
Samsung phone: Charging is very slow.,2
Motorola phone: Phone arrived early and was well packed.,5
Samsung phone: Charging is very slow.,2
Motorola phone: Fast delivery and excellent packaging.,5
Samsung phone: The phone gets hot during gaming.,2
Vivo phone: Battery backup is excellent.,5
Motorola phone: Overheating issue after continuous use.,2
Motorola phone: Fast delivery and excellent packaging.,5
OnePlus phone: Great camera quality and quick delivery.,5
OnePlus phone: The phone gets hot during gaming.,2
Motorola phone: Delivery was delayed and took too long.,1
Samsung phone: The phone gets hot during gaming.,2
Oppo phone: Charging is very slow.,2
Motorola phone: Speaker issue noticed after one week.,2
Xiaomi phone: Very good display quality and smooth performance.,5
Nothing phone: Fast delivery and excellent packaging.,5
Xiaomi phone: Battery problem and charging issue together.,1
Samsung phone: Packaging was damaged when it arrived.,2
Motorola phone: Battery problem and charging issue together.,1
Samsung phone: Packaging was damaged when it arrived.,2
Motorola phone: Excellent packaging and fast delivery.,5
Nothing phone: The sound quality is poor and disappointing.,2
Samsung phone: The sound quality is poor and disappointing.,2
Motorola phone: Delivery was delayed and took too long.,1
OnePlus phone: Battery backup is excellent.,5
Oppo phone: The phone gets hot during gaming.,2
Motorola phone: Battery backup is excellent.,5
Motorola phone: Delivery was delayed and took too long.,1
Realme phone: Delivery was delayed and took too long.,1
Samsung phone: The phone gets hot during gaming.,2
Samsung phone: Very good display quality and smooth performance.,5
OnePlus phone: Battery backup is excellent.,5
Realme phone: Speaker issue noticed after one week.,2
Samsung phone: Overheating issue after continuous use.,2
Samsung phone: Overheating issue after continuous use.,2
OnePlus phone: Phone arrived early and was well packed.,5
Samsung phone: Fast delivery and excellent packaging.,5
Xiaomi phone: Packaging was damaged when it arrived.,2
Xiaomi phone: Phone arrived early and was well packed.,5
Realme phone: The phone gets hot during gaming.,2
OnePlus phone: Packaging was damaged when it arrived.,2
Vivo phone: The phone gets hot during gaming.,2
Oppo phone: Overheating issue after continuous use.,2
Realme phone: The sound quality is poor and disappointing.,2
Xiaomi phone: Overheating issue after continuous use.,2
Realme phone: Delivery was delayed and took too long.,1
Samsung phone: Packaging was damaged when it arrived.,2
Vivo phone: Battery problem and charging issue together.,1
Motorola phone: Packaging was damaged when it arrived.,2
OnePlus phone: Charging is very slow.,2
OnePlus phone: Excellent packaging and fast delivery.,5
Vivo phone: Excellent packaging and fast delivery.,5
Realme phone: Fast delivery and excellent packaging.,5
Samsung phone: Overheating issue after continuous use.,2
Motorola phone: Battery backup is excellent.,5
Oppo phone: Speaker issue noticed after one week.,2
Oppo phone: Excellent packaging and fast delivery.,5
Motorola phone: Battery drains quickly and does not last long.,2
Nothing phone: Fast delivery and excellent packaging.,5
Motorola phone: Excellent packaging and fast delivery.,5
Nothing phone: Battery backup is excellent.,5
Xiaomi phone: Very good display quality and smooth performance.,5
Xiaomi phone: Charging is very slow.,2
Vivo phone: Very good display quality and smooth performance.,5
Nothing phone: Packaging was damaged when it arrived.,2
Motorola phone: The phone gets hot during gaming.,2
Vivo phone: Fast delivery and excellent packaging.,5
OnePlus phone: Battery backup is excellent.,5
Realme phone: Fast delivery and excellent packaging.,5
Nothing phone: Delivery was delayed and took too long.,1
Nothing phone: Phone arrived early and was well packed.,5
Motorola phone: Packaging was damaged when it arrived.,2
Samsung phone: Battery backup is excellent.,5
Oppo phone: The phone gets hot during gaming.,2
Nothing phone: The sound quality is poor and disappointing.,2
Oppo phone: Phone arrived early and was well packed.,5
Vivo phone: Overheating issue after continuous use.,2
Vivo phone: Battery backup is excellent.,5
Vivo phone: Battery problem and charging issue together.,1
Samsung phone: Great camera quality and quick delivery.,5
OnePlus phone: Great camera quality and quick delivery.,5
OnePlus phone: Excellent packaging and fast delivery.,5
Motorola phone: Very good display quality and smooth performance.,5
OnePlus phone: The phone gets hot during gaming.,2
Nothing phone: Very good display quality and smooth performance.,5
Nothing phone: Speaker issue noticed after one week.,2
Samsung phone: The phone gets hot during gaming.,2
Vivo phone: Excellent packaging and fast delivery.,5
Motorola phone: Phone arrived early and was well packed.,5
OnePlus phone: Very good display quality and smooth performance.,5
Oppo phone: Delivery was delayed and took too long.,1
Oppo phone: The phone gets hot during gaming.,2
Oppo phone: Charging is very slow.,2
Nothing phone: Battery backup is excellent.,5
Vivo phone: Delivery was delayed and took too long.,1
OnePlus phone: Delivery was delayed and took too long.,1
OnePlus phone: Excellent packaging and fast delivery.,5
Realme phone: Battery backup is excellent.,5
Xiaomi phone: Very good display quality and smooth performance.,5
OnePlus phone: Phone arrived early and was well packed.,5
Nothing phone: Very good display quality and smooth performance.,5
Vivo phone: Delivery was delayed and took too long.,1
OnePlus phone: Excellent packaging and fast delivery.,5
OnePlus phone: Delivery was delayed and took too long.,1
Xiaomi phone: Battery backup is excellent.,5
Samsung phone: Delivery was delayed and took too long.,1
Xiaomi phone: Very good display quality and smooth performance.,5
Samsung phone: Delivery was delayed and took too long.,1
Vivo phone: Battery drains quickly and does not last long.,2
Xiaomi phone: Very good display quality and smooth performance.,5
Nothing phone: Speaker issue noticed after one week.,2
Samsung phone: Excellent packaging and fast delivery.,5
Vivo phone: Packaging was damaged when it arrived.,2
Nothing phone: The phone gets hot during gaming.,2
Oppo phone: The phone gets hot during gaming.,2
Samsung phone: The sound quality is poor and disappointing.,2
Nothing phone: Delivery was delayed and took too long.,1
Realme phone: Excellent packaging and fast delivery.,5
Nothing phone: Charging is very slow.,2
Samsung phone: Excellent packaging and fast delivery.,5
Xiaomi phone: The sound quality is poor and disappointing.,2
Vivo phone: Overheating issue after continuous use.,2
OnePlus phone: Excellent packaging and fast delivery.,5
Motorola phone: Excellent packaging and fast delivery.,5
OnePlus phone: Packaging was damaged when it arrived.,2
Motorola phone: Overheating issue after continuous use.,2
Nothing phone: The phone gets hot during gaming.,2
Motorola phone: Delivery was delayed and took too long.,1
Samsung phone: Delivery was delayed and took too long.,1
Realme phone: Packaging was damaged when it arrived.,2
OnePlus phone: Overheating issue after continuous use.,2
OnePlus phone: Speaker issue noticed after one week.,2
Realme phone: Delivery was delayed and took too long.,1
OnePlus phone: The sound quality is poor and disappointing.,2
Realme phone: The sound quality is poor and disappointing.,2
Samsung phone: The sound quality is poor and disappointing.,2
Nothing phone: Charging is very slow.,2
Nothing phone: Very good display quality and smooth performance.,5
Samsung phone: Delivery was delayed and took too long.,1
Vivo phone: Phone arrived early and was well packed.,5
Vivo phone: Very good display quality and smooth performance.,5
Nothing phone: Very good display quality and smooth performance.,5
OnePlus phone: Excellent packaging and fast delivery.,5
Vivo phone: Battery problem and charging issue together.,1
OnePlus phone: Overheating issue after continuous use.,2
Realme phone: Charging is very slow.,2
OnePlus phone: Great camera quality and quick delivery.,5
Xiaomi phone: Speaker issue noticed after one week.,2
Vivo phone: Battery problem and charging issue together.,1
Xiaomi phone: Fast delivery and excellent packaging.,5
Samsung phone: Excellent packaging and fast delivery.,5
Vivo phone: The sound quality is poor and disappointing.,2
Vivo phone: Packaging was damaged when it arrived.,2
Realme phone: The phone gets hot during gaming.,2
Vivo phone: The phone gets hot during gaming.,2
Motorola phone: Very good display quality and smooth performance.,5
Nothing phone: Delivery was delayed and took too long.,1
Realme phone: The phone gets hot during gaming.,2
Samsung phone: Packaging was damaged when it arrived.,2
Motorola phone: Battery problem and charging issue together.,1
Oppo phone: Very good display quality and smooth performance.,5
Vivo phone: Packaging was damaged when it arrived.,2
Realme phone: Battery drains quickly and does not last long.,2
Samsung phone: Phone arrived early and was well packed.,5
Vivo phone: Overheating issue after continuous use.,2
Samsung phone: Packaging was damaged when it arrived.,2
Xiaomi phone: Overheating issue after continuous use.,2
Nothing phone: The phone gets hot during gaming.,2
Vivo phone: Battery problem and charging issue together.,1
Motorola phone: The sound quality is poor and disappointing.,2
Nothing phone: Speaker issue noticed after one week.,2
Nothing phone: Excellent packaging and fast delivery.,5
Motorola phone: Battery backup is excellent.,5
Oppo phone: Battery backup is excellent.,5
Realme phone: Speaker issue noticed after one week.,2
Xiaomi phone: Fast delivery and excellent packaging.,5
Motorola phone: Battery backup is excellent.,5
Nothing phone: Very good display quality and smooth performance.,5
Motorola phone: Delivery was delayed and took too long.,1
Samsung phone: Fast delivery and excellent packaging.,5
Realme phone: The phone gets hot during gaming.,2
Vivo phone: Battery backup is excellent.,5
Realme phone: Battery backup is excellent.,5
Motorola phone: Overheating issue after continuous use.,2
Samsung phone: Fast delivery and excellent packaging.,5
Nothing phone: Speaker issue noticed after one week.,2
Samsung phone: Charging is very slow.,2
Oppo phone: Phone arrived early and was well packed.,5
Nothing phone: Packaging was damaged when it arrived.,2
Nothing phone: Speaker issue noticed after one week.,2
Samsung phone: Overheating issue after continuous use.,2
Vivo phone: Phone arrived early and was well packed.,5
Xiaomi phone: Great camera quality and quick delivery.,5
Vivo phone: Battery problem and charging issue together.,1
Nothing phone: The phone gets hot during gaming.,2
Samsung phone: Excellent packaging and fast delivery.,5
OnePlus phone: Speaker issue noticed after one week.,2
Xiaomi phone: Very good display quality and smooth performance.,5
Samsung phone: Delivery was delayed and took too long.,1
Motorola phone: Great camera quality and quick delivery.,5
OnePlus phone: Excellent packaging and fast delivery.,5
Realme phone: Fast delivery and excellent packaging.,5
Realme phone: The phone gets hot during gaming.,2
Xiaomi phone: Speaker issue noticed after one week.,2
Vivo phone: The phone gets hot during gaming.,2
Vivo phone: Great camera quality and quick delivery.,5
Nothing phone: Charging is very slow.,2
OnePlus phone: The phone gets hot during gaming.,2
Xiaomi phone: The phone gets hot during gaming.,2
OnePlus phone: Charging is very slow.,2
Xiaomi phone: Battery problem and charging issue together.,1
Realme phone: Fast delivery and excellent packaging.,5
Motorola phone: Delivery was delayed and took too long.,1
Vivo phone: Battery backup is excellent.,5
Samsung phone: Fast delivery and excellent packaging.,5
Vivo phone: Delivery was delayed and took too long.,1
Nothing phone: Fast delivery and excellent packaging.,5
Xiaomi phone: Fast delivery and excellent packaging.,5
Nothing phone: The phone gets hot during gaming.,2
Oppo phone: Battery backup is excellent.,5
Motorola phone: Great camera quality and quick delivery.,5
Oppo phone: The phone gets hot during gaming.,2
OnePlus phone: Fast delivery and excellent packaging.,5
OnePlus phone: Very good display quality and smooth performance.,5
Motorola phone: Packaging was damaged when it arrived.,2
Motorola phone: Phone arrived early and was well packed.,5
Oppo phone: Battery drains quickly and does not last long.,2
Nothing phone: Very good display quality and smooth performance.,5
Motorola phone: Very good display quality and smooth performance.,5
Xiaomi phone: Charging is very slow.,2
Samsung phone: The phone gets hot during gaming.,2
Oppo phone: The sound quality is poor and disappointing.,2
Realme phone: Fast delivery and excellent packaging.,5
Nothing phone: Fast delivery and excellent packaging.,5
Nothing phone: Excellent packaging and fast delivery.,5
Xiaomi phone: Battery drains quickly and does not last long.,2
Xiaomi phone: Charging is very slow.,2
Nothing phone: Excellent packaging and fast delivery.,5
Vivo phone: Overheating issue after continuous use.,2
Motorola phone: Battery backup is excellent.,5
Realme phone: Speaker issue noticed after one week.,2
Oppo phone: Fast delivery and excellent packaging.,5
Motorola phone: Fast delivery and excellent packaging.,5
Nothing phone: Battery backup is excellent.,5
Samsung phone: Fast delivery and excellent packaging.,5
Realme phone: Packaging was damaged when it arrived.,2
Vivo phone: Phone arrived early and was well packed.,5
Realme phone: Phone arrived early and was well packed.,5
Realme phone: Charging is very slow.,2
Realme phone: Overheating issue after continuous use.,2
Xiaomi phone: The phone gets hot during gaming.,2
Vivo phone: Very good display quality and smooth performance.,5
Samsung phone: Battery problem and charging issue together.,1
Oppo phone: Battery drains quickly and does not last long.,2
Samsung phone: Overheating issue after continuous use.,2
Oppo phone: Delivery was delayed and took too long.,1
Motorola phone: Battery backup is excellent.,5
OnePlus phone: The sound quality is poor and disappointing.,2
Motorola phone: Great camera quality and quick delivery.,5
Xiaomi phone: Packaging was damaged when it arrived.,2
Xiaomi phone: The sound quality is poor and disappointing.,2
Motorola phone: Excellent packaging and fast delivery.,5
OnePlus phone: Packaging was damaged when it arrived.,2
Xiaomi phone: The phone gets hot during gaming.,2
Nothing phone: Phone arrived early and was well packed.,5
Vivo phone: Speaker issue noticed after one week.,2
Vivo phone: The phone gets hot during gaming.,2
Samsung phone: Speaker issue noticed after one week.,2
Nothing phone: Battery problem and charging issue together.,1
Vivo phone: Battery problem and charging issue together.,1
Xiaomi phone: Speaker issue noticed after one week.,2
Nothing phone: Excellent packaging and fast delivery.,5
Vivo phone: Battery backup is excellent.,5
Motorola phone: Speaker issue noticed after one week.,2
Vivo phone: Very good display quality and smooth performance.,5
Vivo phone: The phone gets hot during gaming.,2
Motorola phone: Phone arrived early and was well packed.,5
Nothing phone: Fast delivery and excellent packaging.,5
OnePlus phone: Excellent packaging and fast delivery.,5
Oppo phone: Charging is very slow.,2
Vivo phone: Packaging was damaged when it arrived.,2
Vivo phone: Very good display quality and smooth performance.,5
Motorola phone: Battery drains quickly and does not last long.,2
Samsung phone: Delivery was delayed and took too long.,1
Samsung phone: Packaging was damaged when it arrived.,2
Nothing phone: Battery problem and charging issue together.,1
Vivo phone: Fast delivery and excellent packaging.,5
OnePlus phone: Overheating issue after continuous use.,2
Oppo phone: Packaging was damaged when it arrived.,2
OnePlus phone: Phone arrived early and was well packed.,5
Vivo phone: Packaging was damaged when it arrived.,2
Xiaomi phone: Speaker issue noticed after one week.,2
Realme phone: Speaker issue noticed after one week.,2
Samsung phone: Battery problem and charging issue together.,1
Nothing phone: Delivery was delayed and took too long.,1
Oppo phone: Battery drains quickly and does not last long.,2
Xiaomi phone: Very good display quality and smooth performance.,5
Vivo phone: Excellent packaging and fast delivery.,5
Motorola phone: Battery backup is excellent.,5
OnePlus phone: The sound quality is poor and disappointing.,2
Oppo phone: The sound quality is poor and disappointing.,2
Vivo phone: Great camera quality and quick delivery.,5
Xiaomi phone: Fast delivery and excellent packaging.,5
Nothing phone: Delivery was delayed and took too long.,1
Vivo phone: Overheating issue after continuous use.,2
Oppo phone: Very good display quality and smooth performance.,5
Realme phone: Overheating issue after continuous use.,2
Realme phone: The phone gets hot during gaming.,2
OnePlus phone: The sound quality is poor and disappointing.,2
Motorola phone: Fast delivery and excellent packaging.,5
Oppo phone: Fast delivery and excellent packaging.,5
Motorola phone: Excellent packaging and fast delivery.,5
Vivo phone: Battery drains quickly and does not last long.,2
Realme phone: Great camera quality and quick delivery.,5
Oppo phone: The phone gets hot during gaming.,2
Vivo phone: Speaker issue noticed after one week.,2
Motorola phone: Packaging was damaged when it arrived.,2
Oppo phone: Fast delivery and excellent packaging.,5
OnePlus phone: Excellent packaging and fast delivery.,5
Samsung phone: The phone gets hot during gaming.,2
Oppo phone: Packaging was damaged when it arrived.,2
OnePlus phone: Battery problem and charging issue together.,1
Realme phone: Speaker issue noticed after one week.,2
Nothing phone: Speaker issue noticed after one week.,2
Vivo phone: Battery problem and charging issue together.,1
Motorola phone: Speaker issue noticed after one week.,2
Xiaomi phone: Excellent packaging and fast delivery.,5
Samsung phone: Battery drains quickly and does not last long.,2
Nothing phone: Delivery was delayed and took too long.,1
Realme phone: Excellent packaging and fast delivery.,5
Xiaomi phone: Phone arrived early and was well packed.,5
Nothing phone: Charging is very slow.,2
Motorola phone: Battery backup is excellent.,5
Xiaomi phone: Packaging was damaged when it arrived.,2
Motorola phone: Battery problem and charging issue together.,1
Realme phone: Speaker issue noticed after one week.,2
Nothing phone: Fast delivery and excellent packaging.,5
Motorola phone: Packaging was damaged when it arrived.,2
Samsung phone: Delivery was delayed and took too long.,1
Oppo phone: Very good display quality and smooth performance.,5
Nothing phone: Phone arrived early and was well packed.,5
OnePlus phone: The phone gets hot during gaming.,2
Oppo phone: Fast delivery and excellent packaging.,5
Oppo phone: Excellent packaging and fast delivery.,5
Oppo phone: Great camera quality and quick delivery.,5
Motorola phone: Battery drains quickly and does not last long.,2
OnePlus phone: Delivery was delayed and took too long.,1
Nothing phone: Excellent packaging and fast delivery.,5
OnePlus phone: Excellent packaging and fast delivery.,5
Samsung phone: Speaker issue noticed after one week.,2
Oppo phone: Battery drains quickly and does not last long.,2
Xiaomi phone: Phone arrived early and was well packed.,5
OnePlus phone: Overheating issue after continuous use.,2
OnePlus phone: Excellent packaging and fast delivery.,5
OnePlus phone: Packaging was damaged when it arrived.,2
OnePlus phone: Fast delivery and excellent packaging.,5
Xiaomi phone: Battery backup is excellent.,5
Samsung phone: Overheating issue after continuous use.,2
Xiaomi phone: Delivery was delayed and took too long.,1
Vivo phone: The sound quality is poor and disappointing.,2
Xiaomi phone: Overheating issue after continuous use.,2
Samsung phone: Excellent packaging and fast delivery.,5
Samsung phone: The sound quality is poor and disappointing.,2
OnePlus phone: Battery backup is excellent.,5
Oppo phone: Packaging was damaged when it arrived.,2
Xiaomi phone: Battery drains quickly and does not last long.,2
Samsung phone: Delivery was delayed and took too long.,1
Motorola phone: The sound quality is poor and disappointing.,2
Realme phone: Great camera quality and quick delivery.,5
Realme phone: Very good display quality and smooth performance.,5
Nothing phone: The phone gets hot during gaming.,2
Oppo phone: Overheating issue after continuous use.,2
Realme phone: Great camera quality and quick delivery.,5
OnePlus phone: The phone gets hot during gaming.,2
Samsung phone: Packaging was damaged when it arrived.,2
Vivo phone: Very good display quality and smooth performance.,5
Samsung phone: The phone gets hot during gaming.,2
Nothing phone: Battery drains quickly and does not last long.,2
Motorola phone: Fast delivery and excellent packaging.,5
Realme phone: Charging is very slow.,2
Nothing phone: The phone gets hot during gaming.,2
Realme phone: Excellent packaging and fast delivery.,5
Xiaomi phone: Battery backup is excellent.,5
Xiaomi phone: Excellent packaging and fast delivery.,5
Oppo phone: Delivery was delayed and took too long.,1
Vivo phone: Charging is very slow.,2
Motorola phone: The phone gets hot during gaming.,2
Realme phone: Excellent packaging and fast delivery.,5
OnePlus phone: Fast delivery and excellent packaging.,5
Nothing phone: Charging is very slow.,2
OnePlus phone: Battery problem and charging issue together.,1
Oppo phone: Charging is very slow.,2
Nothing phone: Fast delivery and excellent packaging.,5
Motorola phone: Charging is very slow.,2
Realme phone: Very good display quality and smooth performance.,5
Motorola phone: Battery backup is excellent.,5
Vivo phone: Battery backup is excellent.,5
Xiaomi phone: Battery backup is excellent.,5
Nothing phone: Speaker issue noticed after one week.,2
Realme phone: Excellent packaging and fast delivery.,5
Realme phone: Fast delivery and excellent packaging.,5
Motorola phone: Excellent packaging and fast delivery.,5
Oppo phone: Excellent packaging and fast delivery.,5
Xiaomi phone: Overheating issue after continuous use.,2
Samsung phone: Great camera quality and quick delivery.,5
Oppo phone: Packaging was damaged when it arrived.,2
Realme phone: Speaker issue noticed after one week.,2
Oppo phone: Charging is very slow.,2
Motorola phone: Fast delivery and excellent packaging.,5
Samsung phone: Fast delivery and excellent packaging.,5
Vivo phone: Delivery was delayed and took too long.,1
Realme phone: Battery backup is excellent.,5
OnePlus phone: Packaging was damaged when it arrived.,2
Nothing phone: The sound quality is poor and disappointing.,2
Realme phone: Phone arrived early and was well packed.,5
Oppo phone: Battery backup is excellent.,5
Vivo phone: Excellent packaging and fast delivery.,5
OnePlus phone: Packaging was damaged when it arrived.,2
Motorola phone: Overheating issue after continuous use.,2
Samsung phone: Fast delivery and excellent packaging.,5
Vivo phone: Packaging was damaged when it arrived.,2
Xiaomi phone: Battery drains quickly and does not last long.,2
Vivo phone: Delivery was delayed and took too long.,1
Oppo phone: Battery problem and charging issue together.,1
Samsung phone: Battery backup is excellent.,5
Xiaomi phone: The sound quality is poor and disappointing.,2
Motorola phone: Packaging was damaged when it arrived.,2
Xiaomi phone: Excellent packaging and fast delivery.,5
Samsung phone: Very good display quality and smooth performance.,5
OnePlus phone: Excellent packaging and fast delivery.,5
Motorola phone: Charging is very slow.,2
Oppo phone: The phone gets hot during gaming.,2
Oppo phone: The sound quality is poor and disappointing.,2
Oppo phone: Delivery was delayed and took too long.,1
Realme phone: Overheating issue after continuous use.,2
Samsung phone: Battery problem and charging issue together.,1
Xiaomi phone: The sound quality is poor and disappointing.,2
Samsung phone: Overheating issue after continuous use.,2
Realme phone: Speaker issue noticed after one week.,2
Nothing phone: Delivery was delayed and took too long.,1
Motorola phone: Speaker issue noticed after one week.,2
Nothing phone: The phone gets hot during gaming.,2
Vivo phone: Charging is very slow.,2
Realme phone: Phone arrived early and was well packed.,5
Motorola phone: Battery backup is excellent.,5
Vivo phone: Excellent packaging and fast delivery.,5
Nothing phone: Speaker issue noticed after one week.,2
Vivo phone: Great camera quality and quick delivery.,5
OnePlus phone: Battery drains quickly and does not last long.,2
Samsung phone: Charging is very slow.,2
OnePlus phone: Battery drains quickly and does not last long.,2
OnePlus phone: Delivery was delayed and took too long.,1
Xiaomi phone: Overheating issue after continuous use.,2
Vivo phone: Overheating issue after continuous use.,2
Oppo phone: Delivery was delayed and took too long.,1
Samsung phone: Excellent packaging and fast delivery.,5
Motorola phone: The phone gets hot during gaming.,2
Xiaomi phone: The sound quality is poor and disappointing.,2
OnePlus phone: Charging is very slow.,2
Oppo phone: Great camera quality and quick delivery.,5
Motorola phone: Excellent packaging and fast delivery.,5
Samsung phone: Fast delivery and excellent packaging.,5
Samsung phone: Charging is very slow.,2
Realme phone: The phone gets hot during gaming.,2
Oppo phone: Fast delivery and excellent packaging.,5
Motorola phone: Packaging was damaged when it arrived.,2
Motorola phone: Packaging was damaged when it arrived.,2
Motorola phone: Very good display quality and smooth performance.,5
Realme phone: Delivery was delayed and took too long.,1
Samsung phone: Charging is very slow.,2
Xiaomi phone: Battery backup is excellent.,5
Nothing phone: Overheating issue after continuous use.,2
Oppo phone: Fast delivery and excellent packaging.,5
Motorola phone: Excellent packaging and fast delivery.,5
Realme phone: Fast delivery and excellent packaging.,5
Motorola phone: Phone arrived early and was well packed.,5
Motorola phone: Packaging was damaged when it arrived.,2
Realme phone: Great camera quality and quick delivery.,5
Vivo phone: Charging is very slow.,2
Oppo phone: Very good display quality and smooth performance.,5
Oppo phone: Phone arrived early and was well packed.,5
Xiaomi phone: Overheating issue after continuous use.,2
Realme phone: Excellent packaging and fast delivery.,5
OnePlus phone: Great camera quality and quick delivery.,5
Oppo phone: Battery problem and charging issue together.,1
Xiaomi phone: Battery backup is excellent.,5
Realme phone: Phone arrived early and was well packed.,5
Vivo phone: The sound quality is poor and disappointing.,2
Xiaomi phone: Phone arrived early and was well packed.,5
Xiaomi phone: Packaging was damaged when it arrived.,2
Realme phone: Overheating issue after continuous use.,2
Nothing phone: The sound quality is poor and disappointing.,2
Nothing phone: The phone gets hot during gaming.,2
Oppo phone: Speaker issue noticed after one week.,2
Oppo phone: Fast delivery and excellent packaging.,5
Nothing phone: The sound quality is poor and disappointing.,2
Nothing phone: Excellent packaging and fast delivery.,5
Vivo phone: The phone gets hot during gaming.,2
Vivo phone: Overheating issue after continuous use.,2
Samsung phone: Packaging was damaged when it arrived.,2
Realme phone: Battery backup is excellent.,5
Nothing phone: Delivery was delayed and took too long.,1
Samsung phone: The phone gets hot during gaming.,2
Oppo phone: Battery drains quickly and does not last long.,2
Vivo phone: Fast delivery and excellent packaging.,5
Realme phone: Excellent packaging and fast delivery.,5
Motorola phone: Packaging was damaged when it arrived.,2
Samsung phone: The phone gets hot during gaming.,2
OnePlus phone: The phone gets hot during gaming.,2
Nothing phone: Battery backup is excellent.,5
Xiaomi phone: Great camera quality and quick delivery.,5
Nothing phone: Battery drains quickly and does not last long.,2
Oppo phone: Excellent packaging and fast delivery.,5
Realme phone: Very good display quality and smooth performance.,5
Xiaomi phone: Great camera quality and quick delivery.,5
OnePlus phone: Battery drains quickly and does not last long.,2
Nothing phone: Very good display quality and smooth performance.,5
Xiaomi phone: The phone gets hot during gaming.,2
Oppo phone: Battery backup is excellent.,5
Vivo phone: Battery problem and charging issue together.,1
Motorola phone: Charging is very slow.,2
Oppo phone: Overheating issue after continuous use.,2
Samsung phone: Speaker issue noticed after one week.,2
Oppo phone: Overheating issue after continuous use.,2
Oppo phone: Excellent packaging and fast delivery.,5
Motorola phone: Excellent packaging and fast delivery.,5
Vivo phone: Delivery was delayed and took too long.,1
Xiaomi phone: Very good display quality and smooth performance.,5
Realme phone: Battery backup is excellent.,5
Xiaomi phone: Packaging was damaged when it arrived.,2
Oppo phone: Battery problem and charging issue together.,1
Motorola phone: Delivery was delayed and took too long.,1
Realme phone: The sound quality is poor and disappointing.,2
Motorola phone: Delivery was delayed and took too long.,1
Oppo phone: Speaker issue noticed after one week.,2
Xiaomi phone: Fast delivery and excellent packaging.,5
Realme phone: Speaker issue noticed after one week.,2
Motorola phone: Speaker issue noticed after one week.,2
Oppo phone: Great camera quality and quick delivery.,5
Oppo phone: Battery drains quickly and does not last long.,2
Xiaomi phone: Delivery was delayed and took too long.,1
Oppo phone: Phone arrived early and was well packed.,5
Nothing phone: Overheating issue after continuous use.,2
OnePlus phone: Phone arrived early and was well packed.,5
Xiaomi phone: The sound quality is poor and disappointing.,2
Vivo phone: Excellent packaging and fast delivery.,5
Realme phone: Fast delivery and excellent packaging.,5
Samsung phone: Great camera quality and quick delivery.,5
Oppo phone: Speaker issue noticed after one week.,2
Xiaomi phone: Battery problem and charging issue together.,1
Motorola phone: Packaging was damaged when it arrived.,2
Xiaomi phone: The sound quality is poor and disappointing.,2
Xiaomi phone: The sound quality is poor and disappointing.,2
Nothing phone: Very good display quality and smooth performance.,5
Motorola phone: Battery drains quickly and does not last long.,2
OnePlus phone: Battery backup is excellent.,5
Vivo phone: The phone gets hot during gaming.,2
Nothing phone: Overheating issue after continuous use.,2
OnePlus phone: Phone arrived early and was well packed.,5
Nothing phone: Delivery was delayed and took too long.,1
OnePlus phone: Battery problem and charging issue together.,1
Nothing phone: Battery backup is excellent.,5
Vivo phone: The phone gets hot during gaming.,2
Motorola phone: Overheating issue after continuous use.,2
Motorola phone: Great camera quality and quick delivery.,5
OnePlus phone: The sound quality is poor and disappointing.,2
Xiaomi phone: Overheating issue after continuous use.,2
Vivo phone: Fast delivery and excellent packaging.,5
Nothing phone: Battery drains quickly and does not last long.,2
Oppo phone: Fast delivery and excellent packaging.,5
Realme phone: Great camera quality and quick delivery.,5
Realme phone: Very good display quality and smooth performance.,5
Realme phone: Delivery was delayed and took too long.,1
Xiaomi phone: Overheating issue after continuous use.,2
Nothing phone: Delivery was delayed and took too long.,1
Xiaomi phone: Battery problem and charging issue together.,1
Motorola phone: Fast delivery and excellent packaging.,5
OnePlus phone: Excellent packaging and fast delivery.,5
Nothing phone: Fast delivery and excellent packaging.,5
Oppo phone: Battery problem and charging issue together.,1
Samsung phone: Battery problem and charging issue together.,1
Samsung phone: Charging is very slow.,2
Oppo phone: Charging is very slow.,2
Motorola phone: Phone arrived early and was well packed.,5
Oppo phone: Excellent packaging and fast delivery.,5
Samsung phone: Phone arrived early and was well packed.,5
Realme phone: Battery backup is excellent.,5
Oppo phone: Fast delivery and excellent packaging.,5
Xiaomi phone: Overheating issue after continuous use.,2
Samsung phone: The sound quality is poor and disappointing.,2
Nothing phone: Delivery was delayed and took too long.,1
Xiaomi phone: Very good display quality and smooth performance.,5
Nothing phone: Overheating issue after continuous use.,2
Samsung phone: The phone gets hot during gaming.,2
Realme phone: Battery problem and charging issue together.,1
Vivo phone: Battery drains quickly and does not last long.,2
Xiaomi phone: Phone arrived early and was well packed.,5
Motorola phone: Great camera quality and quick delivery.,5
Vivo phone: Excellent packaging and fast delivery.,5
Vivo phone: Phone arrived early and was well packed.,5
Samsung phone: Excellent packaging and fast delivery.,5
Motorola phone: Phone arrived early and was well packed.,5
Nothing phone: Speaker issue noticed after one week.,2
Realme phone: Excellent packaging and fast delivery.,5
Nothing phone: Fast delivery and excellent packaging.,5
Samsung phone: Packaging was damaged when it arrived.,2
OnePlus phone: Speaker issue noticed after one week.,2
Xiaomi phone: Very good display quality and smooth performance.,5
Motorola phone: Delivery was delayed and took too long.,1
Oppo phone: Battery drains quickly and does not last long.,2
Motorola phone: Phone arrived early and was well packed.,5
Realme phone: The sound quality is poor and disappointing.,2
Oppo phone: Great camera quality and quick delivery.,5
Samsung phone: Excellent packaging and fast delivery.,5
Nothing phone: Charging is very slow.,2
Motorola phone: Battery drains quickly and does not last long.,2
Vivo phone: Battery backup is excellent.,5
Samsung phone: Very good display quality and smooth performance.,5
Realme phone: Battery backup is excellent.,5
OnePlus phone: Battery backup is excellent.,5
Realme phone: Very good display quality and smooth performance.,5
Oppo phone: Overheating issue after continuous use.,2
Samsung phone: The sound quality is poor and disappointing.,2
Oppo phone: Battery backup is excellent.,5
Xiaomi phone: Fast delivery and excellent packaging.,5
Nothing phone: Fast delivery and excellent packaging.,5
Nothing phone: Very good display quality and smooth performance.,5
Xiaomi phone: Speaker issue noticed after one week.,2
Xiaomi phone: Overheating issue after continuous use.,2
Nothing phone: Excellent packaging and fast delivery.,5
Vivo phone: Battery drains quickly and does not last long.,2
Samsung phone: Phone arrived early and was well packed.,5
OnePlus phone: Overheating issue after continuous use.,2
Samsung phone: Battery problem and charging issue together.,1
Vivo phone: Battery backup is excellent.,5
Motorola phone: Great camera quality and quick delivery.,5
Nothing phone: Fast delivery and excellent packaging.,5
Samsung phone: Delivery was delayed and took too long.,1
OnePlus phone: Overheating issue after continuous use.,2
Oppo phone: Delivery was delayed and took too long.,1
Samsung phone: Fast delivery and excellent packaging.,5
Oppo phone: Fast delivery and excellent packaging.,5
Realme phone: Delivery was delayed and took too long.,1
Oppo phone: Overheating issue after continuous use.,2
Motorola phone: Charging is very slow.,2
Nothing phone: Very good display quality and smooth performance.,5
Motorola phone: Battery problem and charging issue together.,1
Xiaomi phone: Battery backup is excellent.,5
Nothing phone: The phone gets hot during gaming.,2
Vivo phone: Battery backup is excellent.,5
Realme phone: Overheating issue after continuous use.,2
Motorola phone: Very good display quality and smooth performance.,5
Motorola phone: Excellent packaging and fast delivery.,5
Xiaomi phone: Packaging was damaged when it arrived.,2
Vivo phone: Great camera quality and quick delivery.,5
Realme phone: Battery backup is excellent.,5
Oppo phone: Excellent packaging and fast delivery.,5
Vivo phone: Speaker issue noticed after one week.,2
Nothing phone: Delivery was delayed and took too long.,1
Motorola phone: Packaging was damaged when it arrived.,2
Nothing phone: The sound quality is poor and disappointing.,2
Nothing phone: Battery backup is excellent.,5
Oppo phone: Battery drains quickly and does not last long.,2
Motorola phone: Packaging was damaged when it arrived.,2
Samsung phone: Delivery was delayed and took too long.,1
Motorola phone: Excellent packaging and fast delivery.,5
Xiaomi phone: Battery backup is excellent.,5
Xiaomi phone: Battery drains quickly and does not last long.,2
Nothing phone: Fast delivery and excellent packaging.,5
Xiaomi phone: Battery drains quickly and does not last long.,2
OnePlus phone: Excellent packaging and fast delivery.,5
Oppo phone: Overheating issue after continuous use.,2
Motorola phone: Battery backup is excellent.,5
Samsung phone: Packaging was damaged when it arrived.,2
Xiaomi phone: Packaging was damaged when it arrived.,2
Nothing phone: Speaker issue noticed after one week.,2
Oppo phone: Battery backup is excellent.,5
Realme phone: The phone gets hot during gaming.,2
Xiaomi phone: Packaging was damaged when it arrived.,2
Oppo phone: Great camera quality and quick delivery.,5
Oppo phone: Charging is very slow.,2
Vivo phone: Speaker issue noticed after one week.,2
Realme phone: Phone arrived early and was well packed.,5
Xiaomi phone: Battery drains quickly and does not last long.,2
Motorola phone: The phone gets hot during gaming.,2
Realme phone: Battery problem and charging issue together.,1
Vivo phone: Delivery was delayed and took too long.,1
Nothing phone: Very good display quality and smooth performance.,5
